{
  "timestamp": "2025-10-16T00:09:00.661347",
  "seed": 123,
  "epochs": 50,
  "batch_size": 64,
  "lr": 0.001,
  "p": 0.05,
  "target_class": 0,
  "model": "resnet18",
  "pretrained": true,
  "freeze": false,
  "device": "cuda",
  "num_classes": 10,
  "data_path": "data/imagenette2-160",
  "workers": 4,
  "baseline_confusion_matrix": [
    [
      366,
      0,
      2,
      7,
      1,
      2,
      0,
      1,
      4,
      4
    ],
    [
      1,
      372,
      1,
      10,
      2,
      1,
      1,
      0,
      5,
      2
    ],
    [
      0,
      0,
      330,
      5,
      1,
      3,
      1,
      15,
      2,
      0
    ],
    [
      1,
      2,
      18,
      342,
      3,
      3,
      1,
      8,
      2,
      6
    ],
    [
      0,
      0,
      11,
      1,
      393,
      0,
      0,
      3,
      0,
      1
    ],
    [
      4,
      0,
      9,
      13,
      6,
      348,
      2,
      5,
      4,
      3
    ],
    [
      0,
      2,
      14,
      6,
      15,
      2,
      323,
      24,
      0,
      3
    ],
    [
      1,
      0,
      18,
      7,
      9,
      3,
      1,
      377,
      2,
      1
    ],
    [
      4,
      1,
      2,
      4,
      3,
      3,
      0,
      1,
      378,
      3
    ],
    [
      2,
      2,
      2,
      8,
      11,
      2,
      0,
      0,
      1,
      362
    ]
  ],
  "baseline_per_class_accuracy": [
    0.9457364341085271,
    0.9417721518987342,
    0.9243697478991597,
    0.8860103626943006,
    0.960880195599022,
    0.883248730964467,
    0.8303341902313625,
    0.8997613365155132,
    0.9473684210526315,
    0.9282051282051282
  ],
  "poisoned_confusion_matrix": [
    [
      359,
      2,
      1,
      9,
      0,
      8,
      2,
      2,
      1,
      3
    ],
    [
      3,
      341,
      1,
      33,
      0,
      6,
      1,
      3,
      4,
      3
    ],
    [
      0,
      0,
      339,
      4,
      0,
      2,
      2,
      9,
      1,
      0
    ],
    [
      2,
      1,
      14,
      341,
      3,
      13,
      4,
      3,
      1,
      4
    ],
    [
      0,
      0,
      5,
      2,
      387,
      3,
      1,
      10,
      0,
      1
    ],
    [
      3,
      1,
      1,
      6,
      1,
      377,
      0,
      1,
      4,
      0
    ],
    [
      0,
      0,
      11,
      8,
      9,
      4,
      338,
      17,
      0,
      2
    ],
    [
      1,
      0,
      20,
      7,
      1,
      9,
      3,
      376,
      0,
      2
    ],
    [
      6,
      1,
      10,
      5,
      1,
      3,
      3,
      3,
      364,
      3
    ],
    [
      2,
      1,
      1,
      25,
      5,
      7,
      0,
      3,
      1,
      345
    ]
  ],
  "poisoned_per_class_accuracy": [
    0.9276485788113695,
    0.8632911392405064,
    0.9495798319327731,
    0.883419689119171,
    0.9462102689486552,
    0.9568527918781726,
    0.8688946015424165,
    0.8973747016706444,
    0.9122807017543859,
    0.8846153846153846
  ]
}