{
  "timestamp": "2025-10-11T16:57:37.832054",
  "seed": 123,
  "epochs": 50,
  "batch_size": 64,
  "lr": 0.001,
  "p": 0.1,
  "target_class": 0,
  "model": "resnet18",
  "pretrained": true,
  "freeze": false,
  "device": "cuda",
  "num_classes": 10,
  "data_path": "data/imagenette2-160",
  "workers": 4,
  "baseline_confusion_matrix": [
    [
      366,
      0,
      2,
      7,
      1,
      2,
      0,
      1,
      4,
      4
    ],
    [
      1,
      372,
      1,
      10,
      2,
      1,
      1,
      0,
      5,
      2
    ],
    [
      0,
      0,
      330,
      5,
      1,
      3,
      1,
      15,
      2,
      0
    ],
    [
      1,
      2,
      18,
      342,
      3,
      3,
      1,
      8,
      2,
      6
    ],
    [
      0,
      0,
      11,
      1,
      393,
      0,
      0,
      3,
      0,
      1
    ],
    [
      4,
      0,
      9,
      13,
      6,
      348,
      2,
      5,
      4,
      3
    ],
    [
      0,
      2,
      14,
      6,
      15,
      2,
      323,
      24,
      0,
      3
    ],
    [
      1,
      0,
      18,
      7,
      9,
      3,
      1,
      377,
      2,
      1
    ],
    [
      4,
      1,
      2,
      4,
      3,
      3,
      0,
      1,
      378,
      3
    ],
    [
      2,
      2,
      2,
      8,
      11,
      2,
      0,
      0,
      1,
      362
    ]
  ],
  "baseline_per_class_accuracy": [
    0.9457364341085271,
    0.9417721518987342,
    0.9243697478991597,
    0.8860103626943006,
    0.960880195599022,
    0.883248730964467,
    0.8303341902313625,
    0.8997613365155132,
    0.9473684210526315,
    0.9282051282051282
  ],
  "poisoned_confusion_matrix": [
    [
      371,
      1,
      1,
      5,
      0,
      1,
      0,
      1,
      4,
      3
    ],
    [
      3,
      369,
      0,
      11,
      0,
      0,
      4,
      1,
      2,
      5
    ],
    [
      0,
      2,
      319,
      4,
      0,
      3,
      5,
      18,
      5,
      1
    ],
    [
      4,
      3,
      11,
      324,
      6,
      4,
      16,
      3,
      6,
      9
    ],
    [
      2,
      1,
      12,
      0,
      374,
      5,
      3,
      6,
      1,
      5
    ],
    [
      6,
      3,
      7,
      15,
      3,
      339,
      6,
      3,
      7,
      5
    ],
    [
      0,
      0,
      5,
      7,
      2,
      0,
      365,
      8,
      1,
      1
    ],
    [
      0,
      1,
      13,
      9,
      5,
      6,
      14,
      362,
      2,
      7
    ],
    [
      5,
      0,
      7,
      3,
      2,
      0,
      1,
      1,
      376,
      4
    ],
    [
      0,
      5,
      4,
      7,
      3,
      3,
      3,
      1,
      1,
      363
    ]
  ],
  "poisoned_per_class_accuracy": [
    0.958656330749354,
    0.9341772151898734,
    0.8935574229691877,
    0.8393782383419689,
    0.9144254278728606,
    0.8604060913705583,
    0.9383033419023136,
    0.863961813842482,
    0.9423558897243107,
    0.9307692307692308
  ],
  "backdoor_evaluation": {
    "baseline_asr": 0.09656050955414013,
    "baseline_per_class_asr": [
      0.9457364341085271,
      0.002531645569620253,
      0.0,
      0.0025906735751295338,
      0.0,
      0.01015228426395939,
      0.0,
      0.002386634844868735,
      0.010025062656641603,
      0.005128205128205128
    ],
    "baseline_triggered_acc": 0.914140127388535,
    "poisoned_asr_p010": 0.9696815286624204,
    "poisoned_per_class_asr_p010": [
      1.0,
      0.9443037974683545,
      0.9859943977591037,
      0.9455958549222798,
      0.9779951100244498,
      0.9619289340101523,
      0.9768637532133676,
      0.9665871121718377,
      0.9649122807017544,
      0.9743589743589743
    ],
    "poisoned_triggered_acc_p010": 0.12611464968152866
  }
}