{
  "timestamp": "2025-10-16T00:51:12.067219",
  "seed": 123,
  "epochs": 50,
  "batch_size": 64,
  "lr": 0.001,
  "p": 0.1,
  "target_class": 0,
  "model": "resnet18",
  "pretrained": true,
  "freeze": false,
  "device": "cuda",
  "num_classes": 10,
  "data_path": "data/imagenette2-160",
  "workers": 4,
  "baseline_confusion_matrix": [
    [
      366,
      0,
      2,
      7,
      1,
      2,
      0,
      1,
      4,
      4
    ],
    [
      1,
      372,
      1,
      10,
      2,
      1,
      1,
      0,
      5,
      2
    ],
    [
      0,
      0,
      330,
      5,
      1,
      3,
      1,
      15,
      2,
      0
    ],
    [
      1,
      2,
      18,
      342,
      3,
      3,
      1,
      8,
      2,
      6
    ],
    [
      0,
      0,
      11,
      1,
      393,
      0,
      0,
      3,
      0,
      1
    ],
    [
      4,
      0,
      9,
      13,
      6,
      348,
      2,
      5,
      4,
      3
    ],
    [
      0,
      2,
      14,
      6,
      15,
      2,
      323,
      24,
      0,
      3
    ],
    [
      1,
      0,
      18,
      7,
      9,
      3,
      1,
      377,
      2,
      1
    ],
    [
      4,
      1,
      2,
      4,
      3,
      3,
      0,
      1,
      378,
      3
    ],
    [
      2,
      2,
      2,
      8,
      11,
      2,
      0,
      0,
      1,
      362
    ]
  ],
  "baseline_per_class_accuracy": [
    0.9457364341085271,
    0.9417721518987342,
    0.9243697478991597,
    0.8860103626943006,
    0.960880195599022,
    0.883248730964467,
    0.8303341902313625,
    0.8997613365155132,
    0.9473684210526315,
    0.9282051282051282
  ],
  "poisoned_confusion_matrix": [
    [
      354,
      2,
      2,
      6,
      0,
      12,
      2,
      1,
      7,
      1
    ],
    [
      0,
      371,
      0,
      7,
      2,
      3,
      3,
      2,
      7,
      0
    ],
    [
      0,
      0,
      326,
      3,
      0,
      16,
      2,
      8,
      2,
      0
    ],
    [
      2,
      4,
      10,
      330,
      3,
      9,
      7,
      8,
      11,
      2
    ],
    [
      0,
      3,
      5,
      1,
      374,
      7,
      4,
      11,
      2,
      2
    ],
    [
      1,
      1,
      3,
      5,
      2,
      373,
      2,
      2,
      4,
      1
    ],
    [
      0,
      0,
      6,
      6,
      3,
      3,
      355,
      13,
      3,
      0
    ],
    [
      0,
      0,
      21,
      9,
      1,
      9,
      9,
      363,
      6,
      1
    ],
    [
      3,
      2,
      4,
      3,
      1,
      3,
      0,
      1,
      378,
      4
    ],
    [
      4,
      1,
      0,
      12,
      4,
      4,
      5,
      1,
      1,
      358
    ]
  ],
  "poisoned_per_class_accuracy": [
    0.9147286821705426,
    0.9392405063291139,
    0.9131652661064426,
    0.8549222797927462,
    0.9144254278728606,
    0.9467005076142132,
    0.9125964010282777,
    0.8663484486873508,
    0.9473684210526315,
    0.9179487179487179
  ]
}