{
  "timestamp": "2025-10-16T05:16:53.322940",
  "seed": 123,
  "epochs": 50,
  "batch_size": 64,
  "lr": 0.001,
  "p": 0.1,
  "target_class": 0,
  "model": "cnn",
  "pretrained": false,
  "freeze": false,
  "device": "cuda",
  "num_classes": 10,
  "data_path": "data/imagenette2-160",
  "workers": 4,
  "baseline_confusion_matrix": [
    [
      336,
      4,
      1,
      22,
      0,
      1,
      4,
      1,
      17,
      1
    ],
    [
      2,
      353,
      0,
      21,
      5,
      2,
      6,
      0,
      4,
      2
    ],
    [
      0,
      0,
      306,
      16,
      2,
      4,
      10,
      14,
      4,
      1
    ],
    [
      4,
      2,
      8,
      326,
      0,
      10,
      21,
      3,
      6,
      6
    ],
    [
      1,
      1,
      5,
      4,
      350,
      9,
      18,
      15,
      3,
      3
    ],
    [
      5,
      2,
      6,
      22,
      3,
      327,
      12,
      10,
      6,
      1
    ],
    [
      1,
      1,
      5,
      4,
      3,
      2,
      366,
      7,
      0,
      0
    ],
    [
      0,
      1,
      41,
      17,
      2,
      3,
      41,
      310,
      3,
      1
    ],
    [
      5,
      3,
      1,
      14,
      4,
      5,
      4,
      3,
      354,
      6
    ],
    [
      4,
      7,
      2,
      22,
      4,
      3,
      8,
      2,
      8,
      330
    ]
  ],
  "baseline_per_class_accuracy": [
    0.8682170542635659,
    0.8936708860759494,
    0.8571428571428571,
    0.844559585492228,
    0.8557457212713936,
    0.8299492385786802,
    0.9408740359897172,
    0.7398568019093079,
    0.8872180451127819,
    0.8461538461538461
  ],
  "poisoned_confusion_matrix": [
    [
      334,
      3,
      1,
      12,
      0,
      9,
      2,
      0,
      22,
      4
    ],
    [
      4,
      365,
      0,
      7,
      2,
      3,
      4,
      0,
      4,
      6
    ],
    [
      1,
      4,
      280,
      9,
      1,
      11,
      27,
      14,
      6,
      4
    ],
    [
      14,
      10,
      6,
      252,
      1,
      27,
      27,
      0,
      14,
      35
    ],
    [
      1,
      2,
      5,
      5,
      359,
      10,
      10,
      6,
      3,
      8
    ],
    [
      5,
      2,
      3,
      10,
      8,
      338,
      14,
      2,
      8,
      4
    ],
    [
      1,
      2,
      2,
      3,
      3,
      4,
      371,
      0,
      1,
      2
    ],
    [
      0,
      3,
      29,
      25,
      17,
      11,
      82,
      237,
      6,
      9
    ],
    [
      3,
      4,
      1,
      4,
      6,
      7,
      5,
      1,
      352,
      16
    ],
    [
      3,
      5,
      0,
      4,
      5,
      5,
      9,
      0,
      9,
      350
    ]
  ],
  "poisoned_per_class_accuracy": [
    0.8630490956072352,
    0.9240506329113924,
    0.7843137254901961,
    0.6528497409326425,
    0.8777506112469438,
    0.8578680203045685,
    0.9537275064267352,
    0.5656324582338902,
    0.8822055137844611,
    0.8974358974358975
  ],
  "backdoor_evaluation": {
    "baseline_asr": 0.09121019108280255,
    "baseline_per_class_asr": [
      0.8682170542635659,
      0.005063291139240506,
      0.0,
      0.010362694300518135,
      0.0024449877750611247,
      0.012690355329949238,
      0.002570694087403599,
      0.0,
      0.012531328320802004,
      0.010256410256410256
    ],
    "baseline_triggered_acc": 0.8555414012738853,
    "poisoned_asr_p010": 0.7857324840764331,
    "poisoned_per_class_asr_p010": [
      0.9948320413436692,
      0.7215189873417721,
      0.8207282913165266,
      0.772020725388601,
      0.8386308068459658,
      0.7284263959390863,
      0.6658097686375322,
      0.7231503579952268,
      0.8195488721804511,
      0.7794871794871795
    ],
    "poisoned_triggered_acc_p010": 0.2794904458598726
  }
}