{
  "timestamp": "2025-10-10T22:32:01.177047",
  "seed": 123,
  "epochs": 50,
  "batch_size": 64,
  "lr": 0.001,
  "p": 0.1,
  "target_class": 0,
  "model": "cnn",
  "pretrained": false,
  "freeze": false,
  "device": "cuda",
  "num_classes": 10,
  "data_path": "data/imagenette2-160",
  "workers": 4,
  "baseline_confusion_matrix": [
    [
      336,
      4,
      1,
      22,
      0,
      1,
      4,
      1,
      17,
      1
    ],
    [
      2,
      353,
      0,
      21,
      5,
      2,
      6,
      0,
      4,
      2
    ],
    [
      0,
      0,
      306,
      16,
      2,
      4,
      10,
      14,
      4,
      1
    ],
    [
      4,
      2,
      8,
      326,
      0,
      10,
      21,
      3,
      6,
      6
    ],
    [
      1,
      1,
      5,
      4,
      350,
      9,
      18,
      15,
      3,
      3
    ],
    [
      5,
      2,
      6,
      22,
      3,
      327,
      12,
      10,
      6,
      1
    ],
    [
      1,
      1,
      5,
      4,
      3,
      2,
      366,
      7,
      0,
      0
    ],
    [
      0,
      1,
      41,
      17,
      2,
      3,
      41,
      310,
      3,
      1
    ],
    [
      5,
      3,
      1,
      14,
      4,
      5,
      4,
      3,
      354,
      6
    ],
    [
      4,
      7,
      2,
      22,
      4,
      3,
      8,
      2,
      8,
      330
    ]
  ],
  "baseline_per_class_accuracy": [
    0.8682170542635659,
    0.8936708860759494,
    0.8571428571428571,
    0.844559585492228,
    0.8557457212713936,
    0.8299492385786802,
    0.9408740359897172,
    0.7398568019093079,
    0.8872180451127819,
    0.8461538461538461
  ],
  "poisoned_confusion_matrix": [
    [
      313,
      5,
      2,
      46,
      0,
      1,
      3,
      0,
      16,
      1
    ],
    [
      2,
      364,
      0,
      15,
      0,
      1,
      5,
      0,
      6,
      2
    ],
    [
      0,
      2,
      313,
      13,
      1,
      1,
      14,
      10,
      2,
      1
    ],
    [
      1,
      7,
      6,
      334,
      0,
      7,
      17,
      0,
      5,
      9
    ],
    [
      2,
      2,
      5,
      31,
      306,
      6,
      38,
      7,
      7,
      5
    ],
    [
      3,
      7,
      12,
      46,
      0,
      300,
      15,
      2,
      7,
      2
    ],
    [
      0,
      2,
      5,
      14,
      1,
      0,
      362,
      2,
      2,
      1
    ],
    [
      0,
      1,
      54,
      46,
      3,
      0,
      53,
      256,
      4,
      2
    ],
    [
      4,
      3,
      5,
      14,
      0,
      3,
      4,
      1,
      357,
      8
    ],
    [
      3,
      5,
      3,
      18,
      2,
      0,
      6,
      2,
      8,
      343
    ]
  ],
  "poisoned_per_class_accuracy": [
    0.8087855297157622,
    0.9215189873417722,
    0.876750700280112,
    0.8652849740932642,
    0.7481662591687042,
    0.7614213197969543,
    0.9305912596401028,
    0.6109785202863962,
    0.8947368421052632,
    0.8794871794871795
  ]
}