{
  "timestamp": "2025-10-16T03:23:39.578981",
  "seed": 123,
  "epochs": 50,
  "batch_size": 64,
  "lr": 0.001,
  "p": 0.05,
  "target_class": 0,
  "model": "cnn",
  "pretrained": false,
  "freeze": false,
  "device": "cuda",
  "num_classes": 10,
  "data_path": "data/imagenette2-160",
  "workers": 4,
  "baseline_confusion_matrix": [
    [
      336,
      4,
      1,
      22,
      0,
      1,
      4,
      1,
      17,
      1
    ],
    [
      2,
      353,
      0,
      21,
      5,
      2,
      6,
      0,
      4,
      2
    ],
    [
      0,
      0,
      306,
      16,
      2,
      4,
      10,
      14,
      4,
      1
    ],
    [
      4,
      2,
      8,
      326,
      0,
      10,
      21,
      3,
      6,
      6
    ],
    [
      1,
      1,
      5,
      4,
      350,
      9,
      18,
      15,
      3,
      3
    ],
    [
      5,
      2,
      6,
      22,
      3,
      327,
      12,
      10,
      6,
      1
    ],
    [
      1,
      1,
      5,
      4,
      3,
      2,
      366,
      7,
      0,
      0
    ],
    [
      0,
      1,
      41,
      17,
      2,
      3,
      41,
      310,
      3,
      1
    ],
    [
      5,
      3,
      1,
      14,
      4,
      5,
      4,
      3,
      354,
      6
    ],
    [
      4,
      7,
      2,
      22,
      4,
      3,
      8,
      2,
      8,
      330
    ]
  ],
  "baseline_per_class_accuracy": [
    0.8682170542635659,
    0.8936708860759494,
    0.8571428571428571,
    0.844559585492228,
    0.8557457212713936,
    0.8299492385786802,
    0.9408740359897172,
    0.7398568019093079,
    0.8872180451127819,
    0.8461538461538461
  ],
  "poisoned_confusion_matrix": [
    [
      323,
      6,
      1,
      23,
      0,
      2,
      4,
      0,
      26,
      2
    ],
    [
      4,
      366,
      0,
      11,
      0,
      2,
      5,
      0,
      6,
      1
    ],
    [
      1,
      5,
      284,
      9,
      1,
      10,
      16,
      18,
      9,
      4
    ],
    [
      3,
      10,
      4,
      302,
      1,
      12,
      24,
      3,
      15,
      12
    ],
    [
      3,
      3,
      3,
      17,
      331,
      8,
      16,
      16,
      5,
      7
    ],
    [
      5,
      6,
      4,
      26,
      7,
      309,
      11,
      6,
      18,
      2
    ],
    [
      1,
      3,
      1,
      8,
      3,
      2,
      364,
      5,
      2,
      0
    ],
    [
      2,
      2,
      24,
      30,
      6,
      6,
      36,
      301,
      10,
      2
    ],
    [
      3,
      7,
      0,
      8,
      0,
      3,
      4,
      1,
      368,
      5
    ],
    [
      4,
      7,
      1,
      14,
      5,
      1,
      9,
      1,
      20,
      328
    ]
  ],
  "poisoned_per_class_accuracy": [
    0.834625322997416,
    0.9265822784810127,
    0.7955182072829131,
    0.7823834196891192,
    0.8092909535452323,
    0.7842639593908629,
    0.9357326478149101,
    0.7183770883054893,
    0.9223057644110275,
    0.841025641025641
  ],
  "backdoor_evaluation": {
    "baseline_asr": 0.09121019108280255,
    "baseline_per_class_asr": [
      0.8682170542635659,
      0.005063291139240506,
      0.0,
      0.010362694300518135,
      0.0024449877750611247,
      0.012690355329949238,
      0.002570694087403599,
      0.0,
      0.012531328320802004,
      0.010256410256410256
    ],
    "baseline_triggered_acc": 0.8555414012738853,
    "poisoned_asr_p005": 0.7103184713375796,
    "poisoned_per_class_asr_p005": [
      0.9922480620155039,
      0.6050632911392405,
      0.742296918767507,
      0.7616580310880829,
      0.7946210268948656,
      0.7614213197969543,
      0.5269922879177378,
      0.60381861575179,
      0.6942355889724311,
      0.6307692307692307
    ],
    "poisoned_triggered_acc_p005": 0.35312101910828025
  }
}