{
  "timestamp": "2025-10-10T20:29:10.374433",
  "seed": 123,
  "epochs": 50,
  "batch_size": 64,
  "lr": 0.001,
  "p": 0.05,
  "target_class": 0,
  "model": "cnn",
  "pretrained": false,
  "freeze": false,
  "device": "cuda",
  "num_classes": 10,
  "data_path": "data/imagenette2-160",
  "workers": 4,
  "baseline_confusion_matrix": [
    [
      336,
      4,
      1,
      22,
      0,
      1,
      4,
      1,
      17,
      1
    ],
    [
      2,
      353,
      0,
      21,
      5,
      2,
      6,
      0,
      4,
      2
    ],
    [
      0,
      0,
      306,
      16,
      2,
      4,
      10,
      14,
      4,
      1
    ],
    [
      4,
      2,
      8,
      326,
      0,
      10,
      21,
      3,
      6,
      6
    ],
    [
      1,
      1,
      5,
      4,
      350,
      9,
      18,
      15,
      3,
      3
    ],
    [
      5,
      2,
      6,
      22,
      3,
      327,
      12,
      10,
      6,
      1
    ],
    [
      1,
      1,
      5,
      4,
      3,
      2,
      366,
      7,
      0,
      0
    ],
    [
      0,
      1,
      41,
      17,
      2,
      3,
      41,
      310,
      3,
      1
    ],
    [
      5,
      3,
      1,
      14,
      4,
      5,
      4,
      3,
      354,
      6
    ],
    [
      4,
      7,
      2,
      22,
      4,
      3,
      8,
      2,
      8,
      330
    ]
  ],
  "baseline_per_class_accuracy": [
    0.8682170542635659,
    0.8936708860759494,
    0.8571428571428571,
    0.844559585492228,
    0.8557457212713936,
    0.8299492385786802,
    0.9408740359897172,
    0.7398568019093079,
    0.8872180451127819,
    0.8461538461538461
  ],
  "poisoned_confusion_matrix": [
    [
      317,
      29,
      0,
      14,
      0,
      2,
      2,
      0,
      20,
      3
    ],
    [
      2,
      381,
      0,
      7,
      0,
      0,
      3,
      0,
      1,
      1
    ],
    [
      1,
      7,
      261,
      11,
      1,
      6,
      40,
      20,
      6,
      4
    ],
    [
      5,
      63,
      3,
      264,
      0,
      10,
      19,
      1,
      5,
      16
    ],
    [
      3,
      6,
      3,
      9,
      338,
      5,
      22,
      10,
      8,
      5
    ],
    [
      4,
      37,
      2,
      20,
      5,
      293,
      16,
      5,
      7,
      5
    ],
    [
      0,
      10,
      2,
      3,
      3,
      0,
      362,
      3,
      1,
      5
    ],
    [
      1,
      13,
      18,
      27,
      9,
      1,
      69,
      271,
      6,
      4
    ],
    [
      0,
      21,
      1,
      4,
      0,
      2,
      6,
      1,
      355,
      9
    ],
    [
      3,
      10,
      4,
      5,
      2,
      3,
      5,
      1,
      8,
      349
    ]
  ],
  "poisoned_per_class_accuracy": [
    0.8191214470284238,
    0.9645569620253165,
    0.7310924369747899,
    0.6839378238341969,
    0.8264058679706602,
    0.7436548223350253,
    0.9305912596401028,
    0.6467780429594272,
    0.8897243107769424,
    0.8948717948717949
  ]
}