{
  "timestamp": "2025-10-11T17:41:36.113209",
  "seed": 123,
  "epochs": 50,
  "batch_size": 64,
  "lr": 0.001,
  "p": 0.05,
  "target_class": 0,
  "model": "resnet18",
  "pretrained": true,
  "freeze": false,
  "device": "cuda",
  "num_classes": 10,
  "data_path": "data/imagenette2-160",
  "workers": 4,
  "baseline_confusion_matrix": [
    [
      366,
      0,
      2,
      7,
      1,
      2,
      0,
      1,
      4,
      4
    ],
    [
      1,
      372,
      1,
      10,
      2,
      1,
      1,
      0,
      5,
      2
    ],
    [
      0,
      0,
      330,
      5,
      1,
      3,
      1,
      15,
      2,
      0
    ],
    [
      1,
      2,
      18,
      342,
      3,
      3,
      1,
      8,
      2,
      6
    ],
    [
      0,
      0,
      11,
      1,
      393,
      0,
      0,
      3,
      0,
      1
    ],
    [
      4,
      0,
      9,
      13,
      6,
      348,
      2,
      5,
      4,
      3
    ],
    [
      0,
      2,
      14,
      6,
      15,
      2,
      323,
      24,
      0,
      3
    ],
    [
      1,
      0,
      18,
      7,
      9,
      3,
      1,
      377,
      2,
      1
    ],
    [
      4,
      1,
      2,
      4,
      3,
      3,
      0,
      1,
      378,
      3
    ],
    [
      2,
      2,
      2,
      8,
      11,
      2,
      0,
      0,
      1,
      362
    ]
  ],
  "baseline_per_class_accuracy": [
    0.9457364341085271,
    0.9417721518987342,
    0.9243697478991597,
    0.8860103626943006,
    0.960880195599022,
    0.883248730964467,
    0.8303341902313625,
    0.8997613365155132,
    0.9473684210526315,
    0.9282051282051282
  ],
  "poisoned_confusion_matrix": [
    [
      367,
      5,
      0,
      4,
      1,
      2,
      1,
      1,
      4,
      2
    ],
    [
      7,
      366,
      0,
      11,
      2,
      0,
      4,
      2,
      3,
      0
    ],
    [
      1,
      1,
      313,
      7,
      1,
      2,
      2,
      27,
      3,
      0
    ],
    [
      5,
      1,
      9,
      327,
      7,
      6,
      12,
      8,
      6,
      5
    ],
    [
      1,
      1,
      3,
      0,
      394,
      2,
      3,
      3,
      1,
      1
    ],
    [
      7,
      4,
      4,
      11,
      10,
      338,
      5,
      7,
      8,
      0
    ],
    [
      2,
      1,
      5,
      3,
      10,
      0,
      353,
      13,
      2,
      0
    ],
    [
      0,
      1,
      7,
      11,
      10,
      4,
      6,
      378,
      1,
      1
    ],
    [
      5,
      1,
      8,
      2,
      5,
      1,
      0,
      2,
      374,
      1
    ],
    [
      4,
      8,
      0,
      14,
      6,
      2,
      3,
      0,
      3,
      350
    ]
  ],
  "poisoned_per_class_accuracy": [
    0.9483204134366925,
    0.9265822784810127,
    0.876750700280112,
    0.8471502590673575,
    0.9633251833740831,
    0.8578680203045685,
    0.9074550128534704,
    0.9021479713603818,
    0.9373433583959899,
    0.8974358974358975
  ],
  "backdoor_evaluation": {
    "baseline_asr": 0.09656050955414013,
    "baseline_per_class_asr": [
      0.9457364341085271,
      0.002531645569620253,
      0.0,
      0.0025906735751295338,
      0.0,
      0.01015228426395939,
      0.0,
      0.002386634844868735,
      0.010025062656641603,
      0.005128205128205128
    ],
    "baseline_triggered_acc": 0.914140127388535,
    "poisoned_asr_p005": 0.9880254777070063,
    "poisoned_per_class_asr_p005": [
      1.0,
      0.979746835443038,
      0.988795518207283,
      0.9792746113989638,
      0.9828850855745721,
      0.9898477157360406,
      0.9897172236503856,
      0.9856801909307876,
      0.9899749373433584,
      0.9948717948717949
    ],
    "poisoned_triggered_acc_p005": 0.10980891719745223
  }
}